# Table X. Table legend
# 
# timestamp: 08 April 2025 16:35:47
# ------------------------
# 
"year","file_name","abundance","species_richness"
"2015","CleanedData/NEON_count-landbird/NEON.D01.BART.DP1.10003.001.2023-06.basic.20250129T000730Z.RELEASE-2025/NEON.D01.BART.DP1.10003.001.brd_countdata.2023-06.basic.20241118T091043Z.csv",454,40
"2016","CleanedData/NEON_count-landbird/NEON.D01.BART.DP1.10003.001.2023-06.basic.20250129T000730Z.RELEASE-2025/NEON.D01.BART.DP1.10003.001.brd_countdata.2023-06.basic.20241118T091043Z.csv",684,38
"2017","CleanedData/NEON_count-landbird/NEON.D01.BART.DP1.10003.001.2023-06.basic.20250129T000730Z.RELEASE-2025/NEON.D01.BART.DP1.10003.001.brd_countdata.2023-06.basic.20241118T091043Z.csv",411,34
"2018","CleanedData/NEON_count-landbird/NEON.D01.BART.DP1.10003.001.2023-06.basic.20250129T000730Z.RELEASE-2025/NEON.D01.BART.DP1.10003.001.brd_countdata.2023-06.basic.20241118T091043Z.csv",512,36
"2019","CleanedData/NEON_count-landbird/NEON.D01.BART.DP1.10003.001.2023-06.basic.20250129T000730Z.RELEASE-2025/NEON.D01.BART.DP1.10003.001.brd_countdata.2023-06.basic.20241118T091043Z.csv",402,43
"2020","CleanedData/NEON_count-landbird/NEON.D01.BART.DP1.10003.001.2023-06.basic.20250129T000730Z.RELEASE-2025/NEON.D01.BART.DP1.10003.001.brd_countdata.2023-06.basic.20241118T091043Z.csv",471,45
"2020","CleanedData/NEON_count-landbird/NEON.D01.BART.DP1.10003.001.2023-06.basic.20250129T000730Z.RELEASE-2025/NEON.D01.BART.DP1.10003.001.brd_countdata.2023-06.basic.20241118T091043Z.csv",54,17
"2021","CleanedData/NEON_count-landbird/NEON.D01.BART.DP1.10003.001.2023-06.basic.20250129T000730Z.RELEASE-2025/NEON.D01.BART.DP1.10003.001.brd_countdata.2023-06.basic.20241118T091043Z.csv",906,49
"2022","CleanedData/NEON_count-landbird/NEON.D01.BART.DP1.10003.001.2023-06.basic.20250129T000730Z.RELEASE-2025/NEON.D01.BART.DP1.10003.001.brd_countdata.2023-06.basic.20241118T091043Z.csv",581,38
"2023","CleanedData/NEON_count-landbird/NEON.D01.BART.DP1.10003.001.2023-06.basic.20250129T000730Z.RELEASE-2025/NEON.D01.BART.DP1.10003.001.brd_countdata.2023-06.basic.20241118T091043Z.csv",513,41
